Was Alessandro Volta a professor of chemistry?,Alessandro Volta was not a professor of chemistry.
Was Alessandro Volta a professor of chemistry?,No
Did Alessandro Volta invent the remotely operated pistol?,Alessandro Volta did invent the remotely operated pistol.
Did Alessandro Volta invent the remotely operated pistol?,Yes
Was Alessandro Volta taught in public schools?,Volta was taught in public schools.
Was Alessandro Volta taught in public schools?,Yes
Who did Alessandro Volta marry?,Alessandro Volta married Teresa Peregrini.
Who did Alessandro Volta marry?,Teresa Peregrini
What did Alessandro Volta invent in 1800?,"In 1800, Alessandro Volta invented the voltaic pile."
What did Alessandro Volta invent in 1800?,voltaic pile
What is the battery made by Alessandro Volta credited as?,The battery made by Volta is credited as the first electrochemical cell.
What is the battery made by Alessandro Volta credited as?,the first electrochemical cell
Did Alessandro Volta die and retire in the same place?,Alessandro Volta retired and died in the same place.
Did Alessandro Volta die and retire in the same place?,Yes
When did Alessandro Volta improve  and popularize the electrophorus?,Alessandro Volta improved and popularized the electrophorus in 1775.
When did Alessandro Volta improve  and popularize the electrophorus?,1775
How long was Alessandro Volta a professor at the University of Pavia?,Alessandro Volta was a professor at the University of Pavia for almost 25 years.
How long was Alessandro Volta a professor at the University of Pavia?,almost 25 years
Was Alessandro Volta an Egyptian?,no
Was Alessandro Volta an Egyptian?,No.
Was Volta taught in public schools?,yes
Was Volta taught in public schools?,Yes.
Was Volta made a count in 1810?,yes
Was Volta made a count in 1810?,No.
Who made Volta a count?,Napoleon
Who made Volta a count?,Napoleon
Where was Volta born?,Como
Where was Volta born?,"Como, Italy"
When did Volta retire?,1819
When did Volta retire?,In 1819.
"A year before improving and popularizing the electrophorus, what did Volta become?",A professor of physics at the Royal School in Como
Was Volta buried where he died or was he buried someplace else?,where he died
Was Volta buried where he died or was he buried someplace else?,Yes.
Did Volta marry before he became professor of experimental physics at the University of Pavia?,no
Did Volta marry before he became professor of experimental physics at the University of Pavia?,No.
What happened in 1810?,Volta was made a count by Napoleon.
Wasn't Alessandro Volta born in Como?,"Yes, Volta was born in Como, Italy and was taught in the public schools there."
Was Alessandro Volta born in Como?,yes
Who became a professor of physics at the Royal School in Como?,Volta.
When was Volta made a count by Napoleon?,Volta was made a count by Napoleon in 1810.
